OBJECTID,STATEFP,COUNTYFP,TRACTCE,GEOID,NAME,NAMELSAD,MTFCC,FUNCSTAT,ALAND,AWATER,INTPTLAT,INTPTLON,GEO_ID,GEOID_1,NAME_1,P1_001N,P1_002N,P1_003N,P1_004N,P1_005N,P1_006N,P1_007N,P1_008N,P1_009N,P1_010N,P1_011N,P1_012N,P1_013N,P1_014N,P1_015N,P1_016N,P1_017N,P1_018N,P1_019N,P1_020N,P1_021N,P1_022N,P1_023N,P1_024N,P1_025N,P1_026N,P1_027N,P1_028N,P1_029N,P1_030N,P1_031N,P1_032N,P1_033N,P1_034N,P1_035N,P1_036N,P1_037N,P1_038N,P1_039N,P1_040N,P1_041N,P1_042N,P1_043N,P1_044N,P1_045N,P1_046N,P1_047N,P1_048N,P1_049N,P1_050N,P1_051N,P1_052N,P1_053N,P1_054N,P1_055N,P1_056N,P1_057N,P1_058N,P1_059N,P1_060N,P1_061N,P1_062N,P1_063N,P1_064N,P1_065N,P1_066N,P1_067N,P1_068N,P1_069N,P1_070N,P1_071N,P2_001N,P2_002N,P2_003N,P2_004N,P2_005N,P2_006N,P2_007N,P2_008N,P2_009N,P2_010N,P2_011N,P2_012N,P2_013N,P2_014N,P2_015N,P2_016N,P2_017N,P2_018N,P2_019N,P2_020N,P2_021N,P2_022N,P2_023N,P2_024N,P2_025N,P2_026N,P2_027N,P2_028N,P2_029N,P2_030N,P2_031N,P2_032N,P2_033N,P2_034N,P2_035N,P2_036N,P2_037N,P2_038N,P2_039N,P2_040N,P2_041N,P2_042N,P2_043N,P2_044N,P2_045N,P2_046N,P2_047N,P2_048N,P2_049N,P2_050N,P2_051N,P2_052N,P2_053N,P2_054N,P2_055N,P2_056N,P2_057N,P2_058N,P2_059N,P2_060N,P2_061N,P2_062N,P2_063N,P2_064N,P2_065N,P2_066N,P2_067N,P2_068N,P2_069N,P2_070N,P2_071N,P2_072N,P2_073N,ShapeSTArea,ShapeSTLength
1,31,109,002900,31109002900,29,Census Tract 29,G5020,S,27111026,653756,+40.8696972,-096.6482338,1400000US31109002900,31109002900,"Census Tract 29, Lancaster County, Nebraska",5603,5135,4184,319,66,337,0,229,468,443,142,63,59,2,147,10,4,0,2,1,0,9,2,2,0,25,6,1,0,9,0,0,4,5,0,0,0,0,0,0,0,0,0,0,0,0,0,0,0,0,0,0,0,0,0,0,0,0,0,0,0,0,0,0,0,0,0,0,0,0,0,5603,596,5007,4712,4000,309,43,333,0,27,295,279,129,47,58,2,25,10,4,0,0,0,0,0,2,2,0,16,6,1,0,4,0,0,0,5,0,0,0,0,0,0,0,0,0,0,0,0,0,0,0,0,0,0,0,0,0,0,0,0,0,0,0,0,0,0,0,0,0,0,0,0,0,298889222.117481,77141.7477610641
2,31,109,003402,31109003402,34.02,Census Tract 34.02,G5020,S,6214243,44655,+40.8023619,-096.7366210,1400000US31109003402,31109003402,"Census Tract 34.02, Lancaster County, Nebraska",6698,6080,4651,525,70,485,8,341,618,582,145,76,96,2,236,3,7,0,1,1,0,12,3,0,0,36,16,6,1,0,1,0,9,0,3,0,0,0,0,0,0,0,0,0,0,0,0,0,0,0,0,0,0,0,0,0,0,0,0,0,0,0,0,0,0,0,0,0,0,0,0,6698,810,5888,5524,4492,508,14,480,8,22,364,341,136,61,96,2,32,3,7,0,0,1,0,0,3,0,0,23,13,6,1,0,1,0,0,0,2,0,0,0,0,0,0,0,0,0,0,0,0,0,0,0,0,0,0,0,0,0,0,0,0,0,0,0,0,0,0,0,0,0,0,0,0,67377306.4449103,36654.8771852446
3,31,109,003608,31109003608,36.08,Census Tract 36.08,G5020,S,4364313,0,+40.7389407,-096.7103890,1400000US31109003608,31109003608,"Census Tract 36.08, Lancaster County, Nebraska",1389,1305,1205,33,3,30,0,34,84,76,16,3,16,0,40,0,0,0,0,0,0,0,1,0,0,7,5,0,0,0,0,0,2,0,0,0,0,0,0,0,0,0,0,0,0,0,1,0,0,1,0,0,0,0,0,0,0,0,0,0,0,0,0,0,0,0,0,0,0,0,0,1389,83,1306,1255,1179,33,1,30,0,12,51,45,16,3,16,0,9,0,0,0,0,0,0,0,1,0,0,6,5,0,0,0,0,0,1,0,0,0,0,0,0,0,0,0,0,0,0,0,0,0,0,0,0,0,0,0,0,0,0,0,0,0,0,0,0,0,0,0,0,0,0,0,0,46982015.4774003,29533.5277582951
4,31,109,003721,31109003721,37.21,Census Tract 37.21,G5020,S,2612754,0,+40.7769777,-096.6156583,1400000US31109003721,31109003721,"Census Tract 37.21, Lancaster County, Nebraska",4245,4012,3716,55,17,187,0,37,233,218,33,33,45,2,97,0,0,0,7,1,0,0,0,0,0,12,3,1,0,5,0,0,1,0,2,0,0,0,0,0,0,0,0,0,0,0,3,0,0,3,0,0,0,0,0,0,0,0,0,0,0,0,0,0,0,0,0,0,0,0,0,4245,207,4038,3898,3658,45,9,184,0,2,140,135,30,33,41,2,24,0,0,0,4,1,0,0,0,0,0,5,3,1,0,1,0,0,0,0,0,0,0,0,0,0,0,0,0,0,0,0,0,0,0,0,0,0,0,0,0,0,0,0,0,0,0,0,0,0,0,0,0,0,0,0,0,28126398.981163,21195.5540696654
5,31,109,003723,31109003723,37.23,Census Tract 37.23,G5020,S,2584162,0,+40.7624845,-096.6348097,1400000US31109003723,31109003723,"Census Tract 37.23, Lancaster County, Nebraska",3545,3349,3139,43,18,96,6,47,196,186,25,35,31,1,85,4,2,0,0,0,0,0,0,3,0,10,0,3,0,0,1,0,6,0,0,0,0,0,0,0,0,0,0,0,0,0,0,0,0,0,0,0,0,0,0,0,0,0,0,0,0,0,0,0,0,0,0,0,0,0,0,3545,136,3409,3257,3091,39,9,96,6,16,152,148,25,33,31,1,49,4,2,0,0,0,0,0,0,3,0,4,0,3,0,0,1,0,0,0,0,0,0,0,0,0,0,0,0,0,0,0,0,0,0,0,0,0,0,0,0,0,0,0,0,0,0,0,0,0,0,0,0,0,0,0,0,27818650.981841,21023.8122981518
6,31,109,003724,31109003724,37.24,Census Tract 37.24,G5020,S,2594133,0,+40.7624729,-096.6157059,1400000US31109003724,31109003724,"Census Tract 37.24, Lancaster County, Nebraska",4275,4082,3785,36,15,226,1,19,193,188,28,43,42,0,68,2,3,0,2,0,0,0,0,0,0,4,0,0,0,1,2,0,1,0,0,0,0,0,0,0,0,0,0,0,0,0,1,0,0,1,0,0,0,0,0,0,0,0,0,0,0,0,0,0,0,0,0,0,0,0,0,4275,126,4149,4010,3740,34,9,226,0,1,139,138,26,42,42,0,23,2,3,0,0,0,0,0,0,0,0,0,0,0,0,0,0,0,0,0,0,0,0,0,0,0,0,0,0,0,0,0,1,0,0,1,0,0,0,0,0,0,0,0,0,0,0,0,0,0,0,0,0,0,0,0,0,27925967.3563089,21150.9671739013
7,31,109,003726,31109003726,37.26,Census Tract 37.26,G5020,S,10350454,0,+40.7119155,-096.6634262,1400000US31109003726,31109003726,"Census Tract 37.26, Lancaster County, Nebraska",2819,2669,2404,50,9,183,1,22,150,143,31,22,21,3,61,1,0,0,1,0,0,2,0,0,1,7,6,0,0,0,0,0,1,0,0,0,0,0,0,0,0,0,0,0,0,0,0,0,0,0,0,0,0,0,0,0,0,0,0,0,0,0,0,0,0,0,0,0,0,0,0,2819,105,2714,2621,2386,47,4,183,1,0,93,88,30,22,20,3,11,0,0,0,1,0,0,1,0,0,0,5,5,0,0,0,0,0,0,0,0,0,0,0,0,0,0,0,0,0,0,0,0,0,0,0,0,0,0,0,0,0,0,0,0,0,0,0,0,0,0,0,0,0,0,0,0,111423130.144608,41920.9964718559
8,31,109,003725,31109003725,37.25,Census Tract 37.25,G5020,S,10415106,0,+40.7118282,-096.6252915,1400000US31109003725,31109003725,"Census Tract 37.25, Lancaster County, Nebraska",3392,3215,2997,33,4,153,0,28,177,168,20,26,26,1,89,0,0,0,5,0,0,1,0,0,0,9,2,0,1,2,0,0,0,3,1,0,0,0,0,0,0,0,0,0,0,0,0,0,0,0,0,0,0,0,0,0,0,0,0,0,0,0,0,0,0,0,0,0,0,0,0,3392,111,3281,3151,2955,33,0,153,0,10,130,122,20,21,26,1,50,0,0,0,4,0,0,0,0,0,0,8,2,0,1,2,0,0,0,3,0,0,0,0,0,0,0,0,0,0,0,0,0,0,0,0,0,0,0,0,0,0,0,0,0,0,0,0,0,0,0,0,0,0,0,0,0,112119081.541628,42306.1030991624
9,31,109,010401,31109010401,104.01,Census Tract 104.01,G5020,S,116260318,1924020,+40.6468196,-096.6390135,1400000US31109010401,31109010401,"Census Tract 104.01, Lancaster County, Nebraska",4830,4657,4591,23,4,12,2,25,173,167,12,49,27,1,76,0,0,0,1,0,0,0,0,1,0,6,0,0,0,0,1,0,4,0,1,0,0,0,0,0,0,0,0,0,0,0,0,0,0,0,0,0,0,0,0,0,0,0,0,0,0,0,0,0,0,0,0,0,0,0,0,4830,115,4715,4588,4546,23,4,12,2,1,127,126,12,46,27,1,38,0,0,0,1,0,0,0,0,1,0,1,0,0,0,0,1,0,0,0,0,0,0,0,0,0,0,0,0,0,0,0,0,0,0,0,0,0,0,0,0,0,0,0,0,0,0,0,0,0,0,0,0,0,0,0,0,1272260457.41879,149907.62342689
10,31,109,002702,31109002702,27.02,Census Tract 27.02,G5020,S,3559398,0,+40.7674167,-096.6611338,1400000US31109002702,31109002702,"Census Tract 27.02, Lancaster County, Nebraska",5714,5348,4903,182,32,138,4,89,366,353,101,94,29,0,116,5,1,0,3,0,0,0,0,3,1,13,3,1,1,0,0,0,3,4,0,0,0,0,0,0,0,0,0,0,1,0,0,0,0,0,0,0,0,0,0,0,0,0,0,0,0,0,0,0,0,0,0,0,0,0,0,5714,304,5410,5165,4804,176,25,135,4,21,245,236,97,80,29,0,22,5,1,0,0,0,0,0,0,2,0,9,3,1,1,0,0,0,0,4,0,0,0,0,0,0,0,0,0,0,0,0,0,0,0,0,0,0,0,0,0,0,0,0,0,0,0,0,0,0,0,0,0,0,0,0,0,38317084.1973944,33109.2794501528
11,31,109,002800,31109002800,28,Census Tract 28,G5020,S,3100544,0,+40.7767225,-096.6951775,1400000US31109002800,31109002800,"Census Tract 28, Lancaster County, Nebraska",5226,4858,4376,189,27,136,0,130,368,329,69,58,39,4,134,3,3,0,15,0,0,4,0,0,0,38,13,0,0,6,3,1,9,2,2,0,2,0,0,0,0,0,0,0,0,0,1,0,0,1,0,0,0,0,0,0,0,0,0,0,0,0,0,0,0,0,0,0,0,0,0,5226,326,4900,4661,4301,184,14,132,0,30,239,221,69,52,39,4,47,3,0,0,7,0,0,0,0,0,0,18,9,0,0,1,3,1,0,2,0,0,2,0,0,0,0,0,0,0,0,0,0,0,0,0,0,0,0,0,0,0,0,0,0,0,0,0,0,0,0,0,0,0,0,0,0,33377506.8250459,29718.1823497568
12,31,109,003202,31109003202,32.02,Census Tract 32.02,G5020,S,4971268,32153,+40.8519461,-096.8009173,1400000US31109003202,31109003202,"Census Tract 32.02, Lancaster County, Nebraska",3054,2604,2184,214,69,17,5,115,450,413,107,62,47,15,135,20,7,0,14,0,0,6,0,0,0,37,24,0,0,7,1,0,3,2,0,0,0,0,0,0,0,0,0,0,0,0,0,0,0,0,0,0,0,0,0,0,0,0,0,0,0,0,0,0,0,0,0,0,0,0,0,3054,414,2640,2362,2069,207,52,17,4,13,278,255,97,58,39,15,15,20,7,0,4,0,0,0,0,0,0,23,20,0,0,1,0,0,0,2,0,0,0,0,0,0,0,0,0,0,0,0,0,0,0,0,0,0,0,0,0,0,0,0,0,0,0,0,0,0,0,0,0,0,0,0,0,53862117.5313476,36641.1131057754
13,31,109,003601,31109003601,36.01,Census Tract 36.01,G5020,S,194262,0,+40.7700166,-096.7038431,1400000US31109003601,31109003601,"Census Tract 36.01, Lancaster County, Nebraska",1361,1354,658,459,51,13,1,172,7,6,0,1,0,0,2,0,0,0,0,0,0,3,0,0,0,0,0,0,0,0,0,0,0,0,0,0,0,0,0,0,0,0,0,0,0,0,0,0,0,0,0,0,0,0,0,0,0,0,0,0,0,0,1,0,1,0,0,0,0,0,0,1361,177,1184,1182,658,459,51,13,1,0,2,2,0,1,0,0,1,0,0,0,0,0,0,0,0,0,0,0,0,0,0,0,0,0,0,0,0,0,0,0,0,0,0,0,0,0,0,0,0,0,0,0,0,0,0,0,0,0,0,0,0,0,0,0,0,0,0,0,0,0,0,0,0,2091249.12469661,6905.74682768067
14,31,109,003605,31109003605,36.05,Census Tract 36.05,G5020,S,5970382,0,+40.7612351,-096.7040050,1400000US31109003605,31109003605,"Census Tract 36.05, Lancaster County, Nebraska",3644,3359,3030,163,23,65,1,77,285,266,80,53,30,0,89,3,2,0,3,0,0,4,2,0,0,19,11,2,0,0,0,0,6,0,0,0,0,0,0,0,0,0,0,0,0,0,0,0,0,0,0,0,0,0,0,0,0,0,0,0,0,0,0,0,0,0,0,0,0,0,0,3644,239,3405,3224,2973,160,18,65,1,7,181,168,75,38,27,0,20,2,2,0,2,0,0,0,2,0,0,13,11,2,0,0,0,0,0,0,0,0,0,0,0,0,0,0,0,0,0,0,0,0,0,0,0,0,0,0,0,0,0,0,0,0,0,0,0,0,0,0,0,0,0,0,0,64271393.6712649,41621.4705014025
15,31,109,003704,31109003704,37.04,Census Tract 37.04,G5020,S,2637214,0,+40.7602163,-096.6694648,1400000US31109003704,31109003704,"Census Tract 37.04, Lancaster County, Nebraska",5233,4809,4323,194,40,112,2,138,424,399,130,68,51,4,124,8,6,0,5,0,0,0,3,0,0,25,6,0,0,7,0,0,10,0,0,0,2,0,0,0,0,0,0,0,0,0,0,0,0,0,0,0,0,0,0,0,0,0,0,0,0,0,0,0,0,0,0,0,0,0,0,5233,378,4855,4558,4205,193,25,112,2,21,297,289,111,60,48,4,44,8,6,0,5,0,0,0,3,0,0,8,6,0,0,0,0,0,0,0,0,0,2,0,0,0,0,0,0,0,0,0,0,0,0,0,0,0,0,0,0,0,0,0,0,0,0,0,0,0,0,0,0,0,0,0,0,28389732.3419021,27341.5879765861
16,31,109,003708,31109003708,37.08,Census Tract 37.08,G5020,S,2652439,0,+40.7480183,-096.6730872,1400000US31109003708,31109003708,"Census Tract 37.08, Lancaster County, Nebraska",4248,3988,3729,54,19,142,1,43,260,240,41,36,46,3,110,3,0,0,0,0,0,1,0,0,0,20,10,1,0,2,3,0,4,0,0,0,0,0,0,0,0,0,0,0,0,0,0,0,0,0,0,0,0,0,0,0,0,0,0,0,0,0,0,0,0,0,0,0,0,0,0,4248,161,4087,3917,3693,52,15,142,1,14,170,159,36,36,46,3,38,0,0,0,0,0,0,0,0,0,0,11,7,1,0,2,1,0,0,0,0,0,0,0,0,0,0,0,0,0,0,0,0,0,0,0,0,0,0,0,0,0,0,0,0,0,0,0,0,0,0,0,0,0,0,0,0,28553634.4995417,21817.0954385899
17,31,109,003801,31109003801,38.01,Census Tract 38.01,G5020,S,2623350,0,+40.7915798,-096.6155896,1400000US31109003801,31109003801,"Census Tract 38.01, Lancaster County, Nebraska",4797,4501,4267,88,7,104,0,35,296,291,66,45,47,0,127,3,1,0,0,0,0,1,0,1,0,5,0,1,0,1,1,0,0,2,0,0,0,0,0,0,0,0,0,0,0,0,0,0,0,0,0,0,0,0,0,0,0,0,0,0,0,0,0,0,0,0,0,0,0,0,0,4797,177,4620,4431,4220,87,6,104,0,14,189,185,59,38,47,0,37,2,1,0,0,0,0,0,0,1,0,4,0,1,0,0,1,0,0,2,0,0,0,0,0,0,0,0,0,0,0,0,0,0,0,0,0,0,0,0,0,0,0,0,0,0,0,0,0,0,0,0,0,0,0,0,0,28240483.9450514,21176.5694863437
18,31,109,003802,31109003802,38.02,Census Tract 38.02,G5020,S,2539338,76029,+40.8052306,-096.6138906,1400000US31109003802,31109003802,"Census Tract 38.02, Lancaster County, Nebraska",3210,2981,2829,68,7,31,1,45,229,221,53,37,22,0,98,3,1,0,0,0,0,7,0,0,0,7,5,1,0,0,0,0,0,0,1,0,0,0,0,0,0,0,0,0,0,0,1,0,0,1,0,0,0,0,0,0,0,0,0,0,0,0,0,0,0,0,0,0,0,0,0,3210,173,3037,2899,2794,67,7,31,0,0,138,133,48,36,21,0,25,2,1,0,0,0,0,0,0,0,0,5,4,1,0,0,0,0,0,0,0,0,0,0,0,0,0,0,0,0,0,0,0,0,0,0,0,0,0,0,0,0,0,0,0,0,0,0,0,0,0,0,0,0,0,0,0,28154504.1200547,21220.9206644316
19,31,109,000700,31109000700,7,Census Tract 7,G5020,S,875550,0,+40.8201413,-096.6881544,1400000US31109000700,31109000700,"Census Tract 7, Lancaster County, Nebraska",2498,2313,1203,262,45,694,2,107,185,182,35,15,40,0,75,6,1,0,10,0,0,0,0,0,0,3,2,0,0,1,0,0,0,0,0,0,0,0,0,0,0,0,0,0,0,0,0,0,0,0,0,0,0,0,0,0,0,0,0,0,0,0,0,0,0,0,0,0,0,0,0,2498,258,2240,2132,1148,256,23,693,2,10,108,106,35,13,37,0,11,5,1,0,4,0,0,0,0,0,0,2,2,0,0,0,0,0,0,0,0,0,0,0,0,0,0,0,0,0,0,0,0,0,0,0,0,0,0,0,0,0,0,0,0,0,0,0,0,0,0,0,0,0,0,0,0,9425319.43279375,13692.0936893949
20,31,109,003002,31109003002,30.02,Census Tract 30.02,G5020,S,2494481,82334,+40.8442970,-096.7065710,1400000US31109003002,31109003002,"Census Tract 30.02, Lancaster County, Nebraska",3264,2940,2376,235,28,144,1,156,324,293,83,37,26,0,128,4,3,0,6,0,0,4,0,0,2,30,10,3,0,1,4,0,12,0,0,0,0,0,0,0,0,0,0,0,0,0,1,0,0,0,1,0,0,0,0,0,0,0,0,0,0,0,0,0,0,0,0,0,0,0,0,3264,399,2865,2684,2282,232,21,142,1,6,181,164,78,29,23,0,30,2,2,0,0,0,0,0,0,0,0,17,10,3,0,0,4,0,0,0,0,0,0,0,0,0,0,0,0,0,0,0,0,0,0,0,0,0,0,0,0,0,0,0,0,0,0,0,0,0,0,0,0,0,0,0,0,27739591.9414682,25395.0168241398
21,31,109,002300,31109002300,23,Census Tract 23,G5020,S,2090055,0,+40.7930405,-096.6879474,1400000US31109002300,31109002300,"Census Tract 23, Lancaster County, Nebraska",6053,5498,4614,350,74,263,6,191,555,495,141,84,45,0,208,7,0,0,6,0,0,4,0,0,0,55,30,1,0,5,9,0,4,3,1,0,0,0,1,0,0,0,0,0,1,0,5,0,0,5,0,0,0,0,0,0,0,0,0,0,0,0,0,0,0,0,0,0,0,0,0,6053,488,5565,5211,4510,343,63,259,6,30,354,318,129,76,42,0,61,7,0,0,3,0,0,0,0,0,0,36,22,1,0,3,7,0,0,3,0,0,0,0,0,0,0,0,0,0,0,0,0,0,0,0,0,0,0,0,0,0,0,0,0,0,0,0,0,0,0,0,0,0,0,0,0,22499544.9437244,22981.8713643936
22,31,109,001600,31109001600,16,Census Tract 16,G5020,S,2572825,0,+40.8064997,-096.6728453,1400000US31109001600,31109001600,"Census Tract 16, Lancaster County, Nebraska",5603,5089,4558,207,57,88,14,165,514,464,125,101,48,0,171,8,1,0,4,0,0,2,2,0,2,50,21,2,1,5,2,3,9,1,6,0,0,0,0,0,0,0,0,0,0,0,0,0,0,0,0,0,0,0,0,0,0,0,0,0,0,0,0,0,0,0,0,0,0,0,0,5603,444,5159,4820,4454,201,47,87,13,18,339,314,116,89,44,0,54,8,1,0,0,0,0,0,2,0,0,25,12,2,1,0,0,3,0,1,6,0,0,0,0,0,0,0,0,0,0,0,0,0,0,0,0,0,0,0,0,0,0,0,0,0,0,0,0,0,0,0,0,0,0,0,0,27696602.5119101,21884.9398767472
23,31,109,001700,31109001700,17,Census Tract 17,G5020,S,1263364,0,+40.8031881,-096.6894790,1400000US31109001700,31109001700,"Census Tract 17, Lancaster County, Nebraska",5207,4719,2914,519,108,686,0,492,488,470,103,58,61,4,206,15,7,0,16,0,0,0,0,0,0,18,8,6,0,0,2,0,1,0,0,0,1,0,0,0,0,0,0,0,0,0,0,0,0,0,0,0,0,0,0,0,0,0,0,0,0,0,0,0,0,0,0,0,0,0,0,5207,880,4327,4025,2756,507,59,684,0,19,302,284,101,54,61,4,40,15,7,0,2,0,0,0,0,0,0,18,8,6,0,0,2,0,1,0,0,0,1,0,0,0,0,0,0,0,0,0,0,0,0,0,0,0,0,0,0,0,0,0,0,0,0,0,0,0,0,0,0,0,0,0,0,13600131.3875047,17306.6652964694
24,31,109,001800,31109001800,18,Census Tract 18,G5020,S,1042761,0,+40.8117810,-096.6889483,1400000US31109001800,31109001800,"Census Tract 18, Lancaster County, Nebraska",2136,1883,1222,199,55,241,4,162,253,227,42,23,33,3,104,7,0,0,4,0,0,8,0,3,0,25,9,3,0,6,1,0,3,1,1,0,0,0,0,1,0,0,0,0,0,0,1,0,0,1,0,0,0,0,0,0,0,0,0,0,0,0,0,0,0,0,0,0,0,0,0,2136,382,1754,1621,1139,198,28,241,2,13,133,120,40,20,33,3,13,7,0,0,4,0,0,0,0,0,0,13,8,2,0,0,1,0,0,1,0,0,0,0,0,1,0,0,0,0,0,0,0,0,0,0,0,0,0,0,0,0,0,0,0,0,0,0,0,0,0,0,0,0,0,0,0,11225329.5311067,14727.5204511855
25,31,109,002100,31109002100,21,Census Tract 21,G5020,S,2059504,57550,+40.8064143,-096.7165838,1400000US31109002100,31109002100,"Census Tract 21, Lancaster County, Nebraska",2578,2266,1584,120,61,148,0,353,312,297,56,30,31,5,154,1,0,0,5,1,0,13,0,1,0,14,2,4,0,1,3,0,3,0,1,0,0,0,0,0,0,0,0,0,0,0,1,0,0,1,0,0,0,0,0,0,0,0,0,0,0,0,0,0,0,0,0,0,0,0,0,2578,719,1859,1727,1438,118,18,148,0,5,132,124,52,23,31,5,9,0,0,0,3,0,0,0,0,1,0,8,2,3,0,1,2,0,0,0,0,0,0,0,0,0,0,0,0,0,0,0,0,0,0,0,0,0,0,0,0,0,0,0,0,0,0,0,0,0,0,0,0,0,0,0,0,22790240.4805241,19414.9349968966
26,31,109,002200,31109002200,22,Census Tract 22,G5020,S,3557509,1312,+40.7922439,-096.7093767,1400000US31109002200,31109002200,"Census Tract 22, Lancaster County, Nebraska",5550,4953,3711,490,115,265,2,370,597,549,141,104,29,8,230,11,2,0,3,0,0,14,0,4,3,47,28,4,1,3,2,0,8,0,1,0,0,0,0,0,0,0,0,0,0,0,1,0,0,1,0,0,0,0,0,0,0,0,0,0,0,0,0,0,0,0,0,0,0,0,0,5550,843,4707,4377,3557,477,55,265,0,23,330,301,129,86,25,8,39,8,1,0,3,0,0,0,0,2,0,29,23,3,1,0,2,0,0,0,0,0,0,0,0,0,0,0,0,0,0,0,0,0,0,0,0,0,0,0,0,0,0,0,0,0,0,0,0,0,0,0,0,0,0,0,0,38310855.7402631,24958.8207100147
27,31,109,002701,31109002701,27.01,Census Tract 27.01,G5020,S,1296119,0,+40.7734050,-096.6538481,1400000US31109002701,31109002701,"Census Tract 27.01, Lancaster County, Nebraska",3017,2754,2402,107,31,42,14,158,263,250,32,46,29,12,114,0,2,0,5,0,0,2,6,2,0,11,10,0,0,0,0,0,1,0,0,0,0,0,0,0,0,0,0,0,0,0,1,0,0,1,0,0,0,0,0,0,0,0,0,0,0,0,1,1,0,0,0,0,0,0,0,3017,352,2665,2518,2311,93,23,41,14,36,147,136,29,42,29,12,14,0,2,0,2,0,0,0,6,0,0,10,10,0,0,0,0,0,0,0,0,0,0,0,0,0,0,0,0,0,0,0,0,0,0,0,0,0,0,0,0,0,0,0,0,0,0,0,1,1,0,0,0,0,0,0,0,13952758.4974339,15820.0851490022
28,31,109,003003,31109003003,30.03,Census Tract 30.03,G5020,S,4507206,117847,+40.8436596,-096.6926649,1400000US31109003003,31109003003,"Census Tract 30.03, Lancaster County, Nebraska",5185,4715,3425,529,64,304,0,393,470,427,117,75,30,1,183,10,3,1,3,0,0,2,0,2,0,40,10,0,1,0,7,0,14,1,6,0,1,0,0,0,0,0,0,0,0,0,3,0,0,2,0,1,0,0,0,0,0,0,0,0,0,0,0,0,0,0,0,0,0,0,0,5185,845,4340,4079,3227,508,31,302,0,11,261,241,103,64,30,1,26,10,3,1,0,0,0,1,0,2,0,18,10,0,1,0,3,0,2,1,0,0,1,0,0,0,0,0,0,0,0,0,2,0,0,2,0,0,0,0,0,0,0,0,0,0,0,0,0,0,0,0,0,0,0,0,0,49788904.5048625,29632.9574600272
29,31,109,003102,31109003102,31.02,Census Tract 31.02,G5020,S,8528247,16969,+40.8671206,-096.7436799,1400000US31109003102,31109003102,"Census Tract 31.02, Lancaster County, Nebraska",6051,5661,5119,171,28,242,0,101,390,368,69,55,76,1,152,4,4,0,1,1,0,1,4,0,0,21,7,1,1,2,0,0,9,0,1,0,0,0,0,0,0,0,0,0,0,0,1,0,0,0,1,0,0,0,0,0,0,0,0,0,0,0,0,0,0,0,0,0,0,0,0,6051,367,5684,5432,4992,170,17,242,0,11,252,241,65,48,75,1,37,4,4,0,1,1,0,1,4,0,0,11,7,1,1,2,0,0,0,0,0,0,0,0,0,0,0,0,0,0,0,0,0,0,0,0,0,0,0,0,0,0,0,0,0,0,0,0,0,0,0,0,0,0,0,0,0,91989707.7614283,44643.9648836987
30,31,109,001102,31109001102,11.02,Census Tract 11.02,G5020,S,1668883,0,+40.8315857,-096.6181702,1400000US31109001102,31109001102,"Census Tract 11.02, Lancaster County, Nebraska",3417,3193,2969,70,12,82,3,57,224,213,45,48,27,0,90,0,0,0,2,0,0,0,0,1,0,6,3,0,0,0,0,0,1,2,0,0,0,0,0,0,0,0,0,0,0,0,5,0,0,5,0,0,0,0,0,0,0,0,0,0,0,0,0,0,0,0,0,0,0,0,0,3417,173,3244,3094,2916,69,12,77,3,17,150,145,38,48,24,0,32,0,0,0,2,0,0,0,0,1,0,5,3,0,0,0,0,0,0,2,0,0,0,0,0,0,0,0,0,0,0,0,0,0,0,0,0,0,0,0,0,0,0,0,0,0,0,0,0,0,0,0,0,0,0,0,0,17965635.0509084,18855.4745106717
31,31,109,003401,31109003401,34.01,Census Tract 34.01,G5020,S,9772375,31408,+40.7952920,-096.7715464,1400000US31109003401,31109003401,"Census Tract 34.01, Lancaster County, Nebraska",6499,6023,4711,453,134,351,3,371,476,442,62,91,42,6,223,4,5,0,2,2,0,3,0,2,0,31,17,4,0,3,0,1,5,1,0,0,0,0,0,0,0,0,0,0,0,0,2,0,0,0,0,0,0,0,2,0,0,0,0,0,0,0,1,0,1,0,0,0,0,0,0,6499,719,5780,5516,4585,450,119,347,0,15,264,241,61,86,42,6,33,4,5,0,2,0,0,1,0,1,0,23,16,4,0,1,0,1,0,1,0,0,0,0,0,0,0,0,0,0,0,0,0,0,0,0,0,0,0,0,0,0,0,0,0,0,0,0,0,0,0,0,0,0,0,0,0,105538320.898205,41917.7484503395
32,31,109,001002,31109001002,10.02,Census Tract 10.02,G5020,S,935458,0,+40.8174012,-096.6465632,1400000US31109001002,31109001002,"Census Tract 10.02, Lancaster County, Nebraska",1658,1543,1252,84,12,145,5,45,115,109,33,17,8,3,43,0,3,0,0,0,0,0,0,2,0,6,1,0,0,0,3,0,1,0,1,0,0,0,0,0,0,0,0,0,0,0,0,0,0,0,0,0,0,0,0,0,0,0,0,0,0,0,0,0,0,0,0,0,0,0,0,1658,156,1502,1435,1200,84,6,139,5,1,67,66,31,13,7,3,8,0,3,0,0,0,0,0,0,1,0,1,0,0,0,0,0,0,0,0,1,0,0,0,0,0,0,0,0,0,0,0,0,0,0,0,0,0,0,0,0,0,0,0,0,0,0,0,0,0,0,0,0,0,0,0,0,10070258.7120939,14343.9499326019
33,31,109,003716,31109003716,37.16,Census Tract 37.16,G5020,S,2538243,0,+40.7335535,-096.6728474,1400000US31109003716,31109003716,"Census Tract 37.16, Lancaster County, Nebraska",5011,4690,4234,122,11,277,1,45,321,314,56,39,62,9,131,3,1,0,3,0,0,2,2,6,0,6,1,1,1,0,2,0,0,0,0,0,0,0,0,1,0,0,0,0,0,0,1,0,0,0,0,0,0,0,1,0,0,0,0,0,0,0,0,0,0,0,0,0,0,0,0,5011,227,4784,4580,4170,119,8,274,1,8,204,199,53,34,62,9,29,1,1,0,2,0,0,0,2,6,0,5,1,1,0,0,2,0,0,0,0,0,0,0,0,1,0,0,0,0,0,0,0,0,0,0,0,0,0,0,0,0,0,0,0,0,0,0,0,0,0,0,0,0,0,0,0,27324277.5484953,20766.0136359143
34,31,109,003714,31109003714,37.14,Census Tract 37.14,G5020,S,7095465,0,+40.7371496,-096.6285878,1400000US31109003714,31109003714,"Census Tract 37.14, Lancaster County, Nebraska",5111,4823,4565,49,6,164,0,39,288,270,67,45,49,0,102,2,0,0,3,0,0,2,0,0,0,18,0,7,0,2,3,0,4,0,2,0,0,0,0,0,0,0,0,0,0,0,0,0,0,0,0,0,0,0,0,0,0,0,0,0,0,0,0,0,0,0,0,0,0,0,0,5111,175,4936,4724,4506,41,5,164,0,8,212,199,58,38,49,0,49,2,0,0,3,0,0,0,0,0,0,13,0,7,0,2,0,0,2,0,2,0,0,0,0,0,0,0,0,0,0,0,0,0,0,0,0,0,0,0,0,0,0,0,0,0,0,0,0,0,0,0,0,0,0,0,0,76383112.5861986,38036.9847752038
35,31,109,002001,31109002001,20.01,Census Tract 20.01,G5020,S,543322,0,+40.8041880,-096.6997014,1400000US31109002001,31109002001,"Census Tract 20.01, Lancaster County, Nebraska",2473,2222,1487,353,55,150,0,177,251,233,45,60,17,0,90,5,2,0,8,0,0,5,1,0,0,18,7,1,0,1,0,0,5,2,0,0,0,0,0,2,0,0,0,0,0,0,0,0,0,0,0,0,0,0,0,0,0,0,0,0,0,0,0,0,0,0,0,0,0,0,0,2473,381,2092,1950,1420,338,27,149,0,16,142,129,39,52,12,0,12,5,2,0,6,0,0,0,1,0,0,13,7,1,0,1,0,0,0,2,0,0,0,0,0,2,0,0,0,0,0,0,0,0,0,0,0,0,0,0,0,0,0,0,0,0,0,0,0,0,0,0,0,0,0,0,0,5848858.82258411,10495.3757466327
36,31,109,010402,31109010402,104.02,Census Tract 104.02,G5020,S,329418708,991901,+40.6315549,-096.5325168,1400000US31109010402,31109010402,"Census Tract 104.02, Lancaster County, Nebraska",5239,5008,4874,25,8,34,2,65,231,221,30,55,25,1,106,0,1,0,2,0,0,1,0,0,0,10,5,0,0,0,0,0,3,0,0,0,0,0,2,0,0,0,0,0,0,0,0,0,0,0,0,0,0,0,0,0,0,0,0,0,0,0,0,0,0,0,0,0,0,0,0,5239,196,5043,4881,4805,25,8,33,2,8,162,157,29,55,25,1,44,0,1,0,2,0,0,0,0,0,0,5,5,0,0,0,0,0,0,0,0,0,0,0,0,0,0,0,0,0,0,0,0,0,0,0,0,0,0,0,0,0,0,0,0,0,0,0,0,0,0,0,0,0,0,0,0,3556900152.0651,312964.372174489
37,31,109,003727,31109003727,37.27,Census Tract 37.27,G5020,S,5220437,0,+40.8205329,-096.5868805,1400000US31109003727,31109003727,"Census Tract 37.27, Lancaster County, Nebraska",2651,2530,2285,47,7,148,0,43,121,116,16,30,14,0,56,0,0,0,0,0,0,0,0,0,0,5,3,0,0,1,0,0,1,0,0,0,0,0,0,0,0,0,0,0,0,0,0,0,0,0,0,0,0,0,0,0,0,0,0,0,0,0,0,0,0,0,0,0,0,0,0,2651,116,2535,2452,2250,45,7,145,0,5,83,81,15,27,14,0,25,0,0,0,0,0,0,0,0,0,0,2,2,0,0,0,0,0,0,0,0,0,0,0,0,0,0,0,0,0,0,0,0,0,0,0,0,0,0,0,0,0,0,0,0,0,0,0,0,0,0,0,0,0,0,0,0,56198339.2475712,31910.1658307985
38,31,109,003728,31109003728,37.28,Census Tract 37.28,G5020,S,24707454,26042,+40.8638673,-096.5769735,1400000US31109003728,31109003728,"Census Tract 37.28, Lancaster County, Nebraska",4397,4156,3766,150,14,169,3,54,241,226,63,30,46,0,82,1,1,0,2,0,0,0,0,1,0,15,7,0,0,1,4,0,1,2,0,0,0,0,0,0,0,0,0,0,0,0,0,0,0,0,0,0,0,0,0,0,0,0,0,0,0,0,0,0,0,0,0,0,0,0,0,4397,166,4231,4051,3709,142,9,164,3,24,180,169,61,26,46,0,32,1,1,0,1,0,0,0,0,1,0,11,5,0,0,0,4,0,0,2,0,0,0,0,0,0,0,0,0,0,0,0,0,0,0,0,0,0,0,0,0,0,0,0,0,0,0,0,0,0,0,0,0,0,0,0,0,266257674.741171,72819.0344691711
39,31,109,010203,31109010203,102.03,Census Tract 102.03,G5020,S,8690223,12670,+40.8932095,-096.7297885,1400000US31109010203,31109010203,"Census Tract 102.03, Lancaster County, Nebraska",1716,1646,1531,20,0,77,2,16,70,65,16,2,14,1,31,0,1,0,0,0,0,0,0,0,0,5,3,0,0,0,0,0,0,2,0,0,0,0,0,0,0,0,0,0,0,0,0,0,0,0,0,0,0,0,0,0,0,0,0,0,0,0,0,0,0,0,0,0,0,0,0,1716,43,1673,1620,1518,19,0,77,1,5,53,48,13,2,13,1,18,0,1,0,0,0,0,0,0,0,0,5,3,0,0,0,0,0,0,2,0,0,0,0,0,0,0,0,0,0,0,0,0,0,0,0,0,0,0,0,0,0,0,0,0,0,0,0,0,0,0,0,0,0,0,0,0,93687081.2716385,40391.5144484337
40,31,109,003005,31109003005,30.05,Census Tract 30.05,G5020,S,3044143,0,+40.8620698,-096.6987527,1400000US31109003005,31109003005,"Census Tract 30.05, Lancaster County, Nebraska",4809,4489,3322,327,12,756,1,71,320,299,81,52,50,2,98,9,2,0,3,0,0,1,1,0,0,21,8,1,0,3,2,3,3,0,1,0,0,0,0,0,0,0,0,0,0,0,0,0,0,0,0,0,0,0,0,0,0,0,0,0,0,0,0,0,0,0,0,0,0,0,0,4809,272,4537,4314,3242,311,6,751,0,4,223,210,81,47,48,2,19,9,2,0,1,0,0,0,1,0,0,13,7,1,0,0,2,3,0,0,0,0,0,0,0,0,0,0,0,0,0,0,0,0,0,0,0,0,0,0,0,0,0,0,0,0,0,0,0,0,0,0,0,0,0,0,0,32770348.8584154,26735.0419807441
41,31,109,003004,31109003004,30.04,Census Tract 30.04,G5020,S,2101120,0,+40.8735883,-096.6887063,1400000US31109003004,31109003004,"Census Tract 30.04, Lancaster County, Nebraska",2958,2780,2216,85,10,425,0,44,178,173,42,33,27,0,64,2,3,0,2,0,0,0,0,0,0,5,2,2,0,0,0,0,0,0,1,0,0,0,0,0,0,0,0,0,0,0,0,0,0,0,0,0,0,0,0,0,0,0,0,0,0,0,0,0,0,0,0,0,0,0,0,2958,114,2844,2714,2187,84,8,425,0,10,130,126,38,30,27,0,24,2,3,0,2,0,0,0,0,0,0,4,2,2,0,0,0,0,0,0,0,0,0,0,0,0,0,0,0,0,0,0,0,0,0,0,0,0,0,0,0,0,0,0,0,0,0,0,0,0,0,0,0,0,0,0,0,22618621.0614282,22248.8585660233
42,31,109,010204,31109010204,102.04,Census Tract 102.04,G5020,S,8707743,0,+40.8840187,-096.7054919,1400000US31109010204,31109010204,"Census Tract 102.04, Lancaster County, Nebraska",4567,4205,3366,178,18,527,8,108,362,343,77,46,47,0,156,8,2,0,6,1,0,0,0,0,0,15,5,2,0,3,0,0,1,1,3,0,0,0,0,0,0,0,0,0,0,0,4,0,0,4,0,0,0,0,0,0,0,0,0,0,0,0,0,0,0,0,0,0,0,0,0,4567,380,4187,4005,3280,174,6,527,7,11,182,170,71,33,47,0,12,6,0,0,0,1,0,0,0,0,0,12,5,2,0,1,0,0,1,1,2,0,0,0,0,0,0,0,0,0,0,0,0,0,0,0,0,0,0,0,0,0,0,0,0,0,0,0,0,0,0,0,0,0,0,0,0,93739238.5145317,42900.6710398493
43,31,109,003722,31109003722,37.22,Census Tract 37.22,G5020,S,2640838,396740,+40.7778618,-096.6330066,1400000US31109003722,31109003722,"Census Tract 37.22, Lancaster County, Nebraska",1864,1742,1641,19,11,24,1,46,122,104,9,27,15,1,50,0,0,0,2,0,0,0,0,0,0,18,5,0,2,0,4,0,5,0,1,0,1,0,0,0,0,0,0,0,0,0,0,0,0,0,0,0,0,0,0,0,0,0,0,0,0,0,0,0,0,0,0,0,0,0,0,1864,108,1756,1677,1621,19,3,24,0,10,79,70,9,22,15,1,23,0,0,0,0,0,0,0,0,0,0,9,5,0,2,0,0,0,0,0,1,0,1,0,0,0,0,0,0,0,0,0,0,0,0,0,0,0,0,0,0,0,0,0,0,0,0,0,0,0,0,0,0,0,0,0,0,32699671.9582596,23280.4593025294
44,31,109,000600,31109000600,6,Census Tract 6,G5020,S,1115508,0,+40.8207436,-096.7004064,1400000US31109000600,31109000600,"Census Tract 6, Lancaster County, Nebraska",6828,6792,5780,245,31,366,0,370,36,31,2,2,6,0,19,0,0,0,1,0,0,0,0,0,1,5,1,2,0,0,0,0,2,0,0,0,0,0,0,0,0,0,0,0,0,0,0,0,0,0,0,0,0,0,0,0,0,0,0,0,0,0,0,0,0,0,0,0,0,0,0,6828,574,6254,6239,5384,234,21,360,0,240,15,12,0,2,5,0,4,0,0,0,1,0,0,0,0,0,0,3,1,2,0,0,0,0,0,0,0,0,0,0,0,0,0,0,0,0,0,0,0,0,0,0,0,0,0,0,0,0,0,0,0,0,0,0,0,0,0,0,0,0,0,0,0,12008504.3166397,14265.4237810294
45,31,109,000800,31109000800,8,Census Tract 8,G5020,S,1180553,0,+40.8183350,-096.6759218,1400000US31109000800,31109000800,"Census Tract 8, Lancaster County, Nebraska",3597,3094,2116,352,126,152,4,344,503,472,111,52,44,1,222,19,6,0,9,0,0,7,0,1,0,29,17,6,0,0,0,0,6,0,0,0,0,0,0,0,0,0,0,0,0,0,2,0,0,0,0,2,0,0,0,0,0,0,0,0,0,0,0,0,0,0,0,0,0,0,0,3597,766,2831,2568,1977,335,81,152,0,23,263,241,96,45,42,1,30,18,6,0,3,0,0,0,0,0,0,22,16,6,0,0,0,0,0,0,0,0,0,0,0,0,0,0,0,0,0,0,0,0,0,0,0,0,0,0,0,0,0,0,0,0,0,0,0,0,0,0,0,0,0,0,0,12708718.1366215,15115.8955847721
46,31,109,000900,31109000900,9,Census Tract 9,G5020,S,3863487,0,+40.8257421,-096.6628042,1400000US31109000900,31109000900,"Census Tract 9, Lancaster County, Nebraska",3735,3493,2872,196,42,256,5,122,242,231,41,36,27,0,121,0,1,0,2,0,0,2,0,1,0,8,0,1,1,1,5,0,0,0,0,0,0,0,0,0,0,0,0,0,0,0,3,0,0,2,0,0,0,0,1,0,0,0,0,0,0,0,0,0,0,0,0,0,0,0,0,3735,314,3421,3283,2780,196,17,256,5,29,138,134,40,30,27,0,34,0,1,0,1,0,0,0,0,1,0,4,0,1,1,1,1,0,0,0,0,0,0,0,0,0,0,0,0,0,0,0,0,0,0,0,0,0,0,0,0,0,0,0,0,0,0,0,0,0,0,0,0,0,0,0,0,41590653.0213609,28232.3387978473
47,31,109,001200,31109001200,12,Census Tract 12,G5020,S,4103030,0,+40.8201556,-096.6213735,1400000US31109001200,31109001200,"Census Tract 12, Lancaster County, Nebraska",6546,6075,5474,197,34,223,0,147,471,439,99,84,94,5,143,4,3,0,7,0,0,0,0,0,0,32,16,2,0,0,3,0,4,7,0,0,0,0,0,0,0,0,0,0,0,0,0,0,0,0,0,0,0,0,0,0,0,0,0,0,0,0,0,0,0,0,0,0,0,0,0,6546,419,6127,5788,5339,188,17,221,0,23,339,314,91,78,94,5,34,4,3,0,5,0,0,0,0,0,0,25,14,1,0,0,3,0,0,7,0,0,0,0,0,0,0,0,0,0,0,0,0,0,0,0,0,0,0,0,0,0,0,0,0,0,0,0,0,0,0,0,0,0,0,0,0,44169368.7560886,28470.1450241521
48,31,109,010100,31109010100,101,Census Tract 101,G5020,S,411431943,1006523,+40.9366602,-096.5568851,1400000US31109010100,31109010100,"Census Tract 101, Lancaster County, Nebraska",7176,6922,6775,32,14,53,1,47,254,250,36,75,32,0,101,2,3,0,0,0,0,0,0,0,1,4,3,0,0,0,0,0,1,0,0,0,0,0,0,0,0,0,0,0,0,0,0,0,0,0,0,0,0,0,0,0,0,0,0,0,0,0,0,0,0,0,0,0,0,0,0,7176,168,7008,6817,6705,30,13,51,0,18,191,188,36,69,32,0,47,1,3,0,0,0,0,0,0,0,0,3,3,0,0,0,0,0,0,0,0,0,0,0,0,0,0,0,0,0,0,0,0,0,0,0,0,0,0,0,0,0,0,0,0,0,0,0,0,0,0,0,0,0,0,0,0,4439934257.34123,316362.04438182
49,31,109,002400,31109002400,24,Census Tract 24,G5020,S,2292784,0,+40.7839287,-096.6814064,1400000US31109002400,31109002400,"Census Tract 24, Lancaster County, Nebraska",3541,3386,3090,134,31,40,0,91,155,149,19,13,27,1,89,0,0,0,0,0,0,0,0,0,0,6,5,0,0,0,0,0,1,0,0,0,0,0,0,0,0,0,0,0,0,0,0,0,0,0,0,0,0,0,0,0,0,0,0,0,0,0,0,0,0,0,0,0,0,0,0,3541,178,3363,3274,3066,133,31,36,0,8,89,85,14,12,27,1,31,0,0,0,0,0,0,0,0,0,0,4,4,0,0,0,0,0,0,0,0,0,0,0,0,0,0,0,0,0,0,0,0,0,0,0,0,0,0,0,0,0,0,0,0,0,0,0,0,0,0,0,0,0,0,0,0,24681855.9202097,21246.649576877
50,31,109,983200,31109983200,9832,Census Tract 9832,G5020,S,15287923,203453,+40.8501788,-096.7605477,1400000US31109983200,31109983200,"Census Tract 9832, Lancaster County, Nebraska",8,5,5,0,0,0,0,0,3,2,2,0,0,0,0,0,0,0,0,0,0,0,0,0,0,1,0,0,0,0,0,0,0,0,1,0,0,0,0,0,0,0,0,0,0,0,0,0,0,0,0,0,0,0,0,0,0,0,0,0,0,0,0,0,0,0,0,0,0,0,0,8,2,6,5,5,0,0,0,0,0,1,0,0,0,0,0,0,0,0,0,0,0,0,0,0,0,0,1,0,0,0,0,0,0,0,0,1,0,0,0,0,0,0,0,0,0,0,0,0,0,0,0,0,0,0,0,0,0,0,0,0,0,0,0,0,0,0,0,0,0,0,0,0,166765511.399108,59171.7112965014
51,31,109,003604,31109003604,36.04,Census Tract 36.04,G5020,S,73040763,820899,+40.7387438,-096.7476020,1400000US31109003604,31109003604,"Census Tract 36.04, Lancaster County, Nebraska",3702,3516,3326,18,4,103,1,64,186,169,38,21,34,1,69,0,2,0,0,1,0,1,0,2,0,11,10,0,0,0,1,0,0,0,0,0,0,0,0,0,0,0,0,0,0,0,5,0,0,5,0,0,0,0,0,0,0,0,0,0,0,0,1,0,1,0,0,0,0,0,0,3702,159,3543,3428,3306,17,2,101,0,2,115,105,34,15,34,1,18,0,2,0,0,1,0,0,0,0,0,10,10,0,0,0,0,0,0,0,0,0,0,0,0,0,0,0,0,0,0,0,0,0,0,0,0,0,0,0,0,0,0,0,0,0,0,0,0,0,0,0,0,0,0,0,0,795124657.119324,142371.110307939
52,31,109,002500,31109002500,25,Census Tract 25,G5020,S,3240058,0,+40.7839440,-096.6615192,1400000US31109002500,31109002500,"Census Tract 25, Lancaster County, Nebraska",5417,5050,4676,134,40,85,10,105,367,344,109,63,38,0,120,4,0,0,0,0,0,6,3,1,0,22,13,0,3,0,0,0,1,4,1,0,0,0,0,0,0,0,0,0,0,0,0,0,0,0,0,0,0,0,0,0,0,0,0,0,0,0,1,1,0,0,0,0,0,0,0,5417,294,5123,4857,4589,134,22,85,10,17,266,245,109,58,33,0,37,4,0,0,0,0,0,0,3,1,0,20,13,0,3,0,0,0,0,4,0,0,0,0,0,0,0,0,0,0,0,0,0,0,0,0,0,0,0,0,0,0,0,0,0,0,0,0,1,1,0,0,0,0,0,0,0,34879395.1960377,30736.9088843389
53,31,109,001900,31109001900,19,Census Tract 19,G5020,S,850579,0,+40.8130646,-096.7026105,1400000US31109001900,31109001900,"Census Tract 19, Lancaster County, Nebraska",1841,1761,1565,46,10,102,2,36,80,71,15,4,26,0,25,0,0,0,0,0,0,1,0,0,0,9,2,3,0,3,0,0,0,0,1,0,0,0,0,0,0,0,0,0,0,0,0,0,0,0,0,0,0,0,0,0,0,0,0,0,0,0,0,0,0,0,0,0,0,0,0,1841,86,1755,1699,1518,45,10,102,2,22,56,50,14,3,26,0,7,0,0,0,0,0,0,0,0,0,0,6,0,3,0,2,0,0,0,0,1,0,0,0,0,0,0,0,0,0,0,0,0,0,0,0,0,0,0,0,0,0,0,0,0,0,0,0,0,0,0,0,0,0,0,0,0,9156519.06931628,12145.5942255967
54,31,109,003709,31109003709,37.09,Census Tract 37.09,G5020,S,2588498,0,+40.7480635,-096.6538916,1400000US31109003709,31109003709,"Census Tract 37.09, Lancaster County, Nebraska",4910,4649,4349,95,19,95,0,91,261,246,44,39,52,2,105,1,0,0,3,0,0,0,0,0,0,15,6,2,0,5,0,0,1,0,1,0,0,0,0,0,0,0,0,0,0,0,0,0,0,0,0,0,0,0,0,0,0,0,0,0,0,0,0,0,0,0,0,0,0,0,0,4910,240,4670,4513,4295,91,15,95,0,17,157,149,42,31,50,2,24,0,0,0,0,0,0,0,0,0,0,8,6,2,0,0,0,0,0,0,0,0,0,0,0,0,0,0,0,0,0,0,0,0,0,0,0,0,0,0,0,0,0,0,0,0,0,0,0,0,0,0,0,0,0,0,0,27865286.6268648,20944.1033274519
55,31,109,010300,31109010300,103,Census Tract 103,G5020,S,460857164,3899514,+40.6319846,-096.8100092,1400000US31109010300,31109010300,"Census Tract 103, Lancaster County, Nebraska",4581,4384,4291,18,15,21,0,39,197,186,30,42,16,1,92,0,2,0,0,1,0,0,2,0,0,11,4,1,0,0,0,0,3,2,1,0,0,0,0,0,0,0,0,0,0,0,0,0,0,0,0,0,0,0,0,0,0,0,0,0,0,0,0,0,0,0,0,0,0,0,0,4581,120,4461,4325,4256,17,15,21,0,16,136,129,30,37,16,1,40,0,2,0,0,1,0,0,2,0,0,7,3,1,0,0,0,0,0,2,1,0,0,0,0,0,0,0,0,0,0,0,0,0,0,0,0,0,0,0,0,0,0,0,0,0,0,0,0,0,0,0,0,0,0,0,0,5003142705.64164,316836.02750835
56,31,109,001301,31109001301,13.01,Census Tract 13.01,G5020,S,2466727,0,+40.8059849,-096.6342730,1400000US31109001301,31109001301,"Census Tract 13.01, Lancaster County, Nebraska",3665,3475,3274,52,22,76,3,48,190,178,24,41,17,0,90,2,1,0,1,0,0,2,0,0,0,12,7,0,0,1,0,0,2,2,0,0,0,0,0,0,0,0,0,0,0,0,0,0,0,0,0,0,0,0,0,0,0,0,0,0,0,0,0,0,0,0,0,0,0,0,0,3665,157,3508,3390,3237,51,18,76,3,5,118,112,24,39,17,0,29,2,1,0,0,0,0,0,0,0,0,6,4,0,0,0,0,0,0,2,0,0,0,0,0,0,0,0,0,0,0,0,0,0,0,0,0,0,0,0,0,0,0,0,0,0,0,0,0,0,0,0,0,0,0,0,0,26554411.7732659,20629.1233462505
57,31,109,003500,31109003500,35,Census Tract 35,G5020,S,783310,0,+40.7819860,-096.7344412,1400000US31109003500,31109003500,"Census Tract 35, Lancaster County, Nebraska",204,202,154,38,2,5,1,2,2,2,0,0,0,0,1,0,0,0,0,0,0,1,0,0,0,0,0,0,0,0,0,0,0,0,0,0,0,0,0,0,0,0,0,0,0,0,0,0,0,0,0,0,0,0,0,0,0,0,0,0,0,0,0,0,0,0,0,0,0,0,0,204,6,198,198,152,38,0,5,1,2,0,0,0,0,0,0,0,0,0,0,0,0,0,0,0,0,0,0,0,0,0,0,0,0,0,0,0,0,0,0,0,0,0,0,0,0,0,0,0,0,0,0,0,0,0,0,0,0,0,0,0,0,0,0,0,0,0,0,0,0,0,0,0,8432353.36836261,12657.4245881565
58,31,109,001500,31109001500,15,Census Tract 15,G5020,S,2813111,0,+40.7932153,-096.6560281,1400000US31109001500,31109001500,"Census Tract 15, Lancaster County, Nebraska",4458,4159,3702,146,44,155,0,112,299,284,64,49,38,4,116,7,1,0,3,0,0,2,0,0,0,15,4,3,1,0,1,0,5,0,1,0,0,0,0,0,0,0,0,0,0,0,0,0,0,0,0,0,0,0,0,0,0,0,0,0,0,0,0,0,0,0,0,0,0,0,0,4458,302,4156,3973,3621,139,18,153,0,42,183,174,59,38,38,4,29,2,1,0,3,0,0,0,0,0,0,9,4,3,1,0,1,0,0,0,0,0,0,0,0,0,0,0,0,0,0,0,0,0,0,0,0,0,0,0,0,0,0,0,0,0,0,0,0,0,0,0,0,0,0,0,0,30283261.3630297,25791.1783066735
59,31,109,001400,31109001400,14,Census Tract 14,G5020,S,2726301,0,+40.8064054,-096.6532808,1400000US31109001400,31109001400,"Census Tract 14, Lancaster County, Nebraska",4833,4441,4017,135,30,126,13,120,392,363,76,83,46,3,134,5,3,0,3,0,0,9,0,1,0,29,7,0,1,8,0,2,9,1,0,0,0,0,1,0,0,0,0,0,0,0,0,0,0,0,0,0,0,0,0,0,0,0,0,0,0,0,0,0,0,0,0,0,0,0,0,4833,357,4476,4237,3928,133,22,126,9,19,239,225,57,63,45,3,47,5,3,0,2,0,0,0,0,0,0,14,5,0,1,4,0,2,0,1,0,0,0,0,1,0,0,0,0,0,0,0,0,0,0,0,0,0,0,0,0,0,0,0,0,0,0,0,0,0,0,0,0,0,0,0,0,29348772.8240438,21990.9609112986
60,31,109,001302,31109001302,13.02,Census Tract 13.02,G5020,S,2175407,0,+40.7927197,-096.6340260,1400000US31109001302,31109001302,"Census Tract 13.02, Lancaster County, Nebraska",3060,2907,2727,65,12,63,1,39,153,149,28,36,17,0,63,2,1,0,0,0,0,1,0,1,0,4,2,0,0,0,0,0,2,0,0,0,0,0,0,0,0,0,0,0,0,0,0,0,0,0,0,0,0,0,0,0,0,0,0,0,0,0,0,0,0,0,0,0,0,0,0,3060,138,2922,2822,2681,60,12,62,1,6,100,99,27,35,17,0,18,1,1,0,0,0,0,0,0,0,0,1,1,0,0,0,0,0,0,0,0,0,0,0,0,0,0,0,0,0,0,0,0,0,0,0,0,0,0,0,0,0,0,0,0,0,0,0,0,0,0,0,0,0,0,0,0,23418344.8592336,20317.9820684762
61,31,109,000100,31109000100,1,Census Tract 1,G5020,S,6093715,0,+40.8602484,-096.6229668,1400000US31109000100,31109000100,"Census Tract 1, Lancaster County, Nebraska",3410,3091,2828,96,28,28,0,111,319,302,76,74,34,1,103,7,0,0,3,0,0,4,0,0,0,14,4,1,0,1,3,0,2,1,2,0,0,0,0,0,0,0,0,0,0,0,2,0,0,2,0,0,0,0,0,0,0,0,0,0,0,0,1,1,0,0,0,0,0,0,0,3410,314,3096,2882,2737,89,12,28,0,16,214,207,69,54,34,1,44,4,0,0,1,0,0,0,0,0,0,6,0,0,0,1,3,0,0,1,1,0,0,0,0,0,0,0,0,0,0,0,0,0,0,0,0,0,0,0,0,0,0,0,0,0,0,0,1,1,0,0,0,0,0,0,0,65599153.4509625,40913.0110494334
62,31,109,000201,31109000201,2.01,Census Tract 2.01,G5020,S,2639872,0,+40.8442946,-096.6354344,1400000US31109000201,31109000201,"Census Tract 2.01, Lancaster County, Nebraska",4670,4329,4002,113,29,65,1,119,341,321,105,65,36,0,98,8,0,0,7,1,0,0,1,0,0,19,12,3,0,1,0,0,3,0,0,0,0,0,0,0,0,0,0,0,0,0,0,0,0,0,0,0,0,0,0,0,0,0,0,0,0,0,1,0,1,0,0,0,0,0,0,4670,312,4358,4106,3899,110,17,64,0,16,252,240,91,62,36,0,42,8,0,0,0,0,0,0,1,0,0,12,9,2,0,1,0,0,0,0,0,0,0,0,0,0,0,0,0,0,0,0,0,0,0,0,0,0,0,0,0,0,0,0,0,0,0,0,0,0,0,0,0,0,0,0,0,28418297.571395,24207.1503187466
63,31,109,000202,31109000202,2.02,Census Tract 2.02,G5020,S,1416371,0,+40.8432445,-096.6488734,1400000US31109000202,31109000202,"Census Tract 2.02, Lancaster County, Nebraska",4250,3913,3224,293,63,152,5,176,337,316,109,63,30,3,86,7,6,0,3,0,0,7,0,2,0,20,8,1,0,0,0,2,7,0,2,0,0,0,0,0,0,0,0,0,0,0,1,0,0,0,0,1,0,0,0,0,0,0,0,0,0,0,0,0,0,0,0,0,0,0,0,4250,437,3813,3588,3094,288,37,152,5,12,225,218,92,55,27,3,27,7,6,0,1,0,0,0,0,0,0,7,4,1,0,0,0,2,0,0,0,0,0,0,0,0,0,0,0,0,0,0,0,0,0,0,0,0,0,0,0,0,0,0,0,0,0,0,0,0,0,0,0,0,0,0,0,15247318.3268634,16912.7414949557
64,31,109,000300,31109000300,3,Census Tract 3,G5020,S,1669349,0,+40.8418720,-096.6610891,1400000US31109000300,31109000300,"Census Tract 3, Lancaster County, Nebraska",3491,3114,2553,233,45,116,1,166,377,369,110,90,31,4,119,4,2,0,6,0,0,3,0,0,0,8,7,0,0,0,0,0,0,1,0,0,0,0,0,0,0,0,0,0,0,0,0,0,0,0,0,0,0,0,0,0,0,0,0,0,0,0,0,0,0,0,0,0,0,0,0,3491,360,3131,2866,2470,226,35,116,1,18,265,257,107,77,30,4,30,4,2,0,3,0,0,0,0,0,0,8,7,0,0,0,0,0,0,1,0,0,0,0,0,0,0,0,0,0,0,0,0,0,0,0,0,0,0,0,0,0,0,0,0,0,0,0,0,0,0,0,0,0,0,0,0,17970564.3332072,19102.033472856
65,31,109,000400,31109000400,4,Census Tract 4,G5020,S,2486584,0,+40.8297915,-096.6824584,1400000US31109000400,31109000400,"Census Tract 4, Lancaster County, Nebraska",4991,4406,3062,638,92,315,4,295,585,539,112,89,105,1,202,19,2,0,5,0,0,0,0,3,1,46,33,5,0,0,4,0,3,1,0,0,0,0,0,0,0,0,0,0,0,0,0,0,0,0,0,0,0,0,0,0,0,0,0,0,0,0,0,0,0,0,0,0,0,0,0,4991,677,4314,3936,2916,622,67,310,3,18,378,337,105,78,103,1,26,19,2,0,0,0,0,0,0,3,0,41,31,5,0,0,4,0,0,1,0,0,0,0,0,0,0,0,0,0,0,0,0,0,0,0,0,0,0,0,0,0,0,0,0,0,0,0,0,0,0,0,0,0,0,0,0,26768186.9962871,23992.7813801025
66,31,109,000500,31109000500,5,Census Tract 5,G5020,S,2046905,142561,+40.8225904,-096.7113473,1400000US31109000500,31109000500,"Census Tract 5, Lancaster County, Nebraska",2292,2088,1695,219,31,99,1,43,204,199,39,30,24,0,85,7,0,0,3,2,0,5,4,0,0,5,0,0,0,2,2,0,1,0,0,0,0,0,0,0,0,0,0,0,0,0,0,0,0,0,0,0,0,0,0,0,0,0,0,0,0,0,0,0,0,0,0,0,0,0,0,2292,194,2098,1985,1625,218,29,98,0,15,113,111,34,24,24,0,17,4,0,0,2,2,0,0,4,0,0,2,0,0,0,0,2,0,0,0,0,0,0,0,0,0,0,0,0,0,0,0,0,0,0,0,0,0,0,0,0,0,0,0,0,0,0,0,0,0,0,0,0,0,0,0,0,23569687.5185313,23865.3154800687
67,31,109,003713,31109003713,37.13,Census Tract 37.13,G5020,S,3179897,85552,+40.7477466,-096.6215204,1400000US31109003713,31109003713,"Census Tract 37.13, Lancaster County, Nebraska",2929,2814,2571,51,3,150,0,39,115,111,14,17,24,0,50,0,0,0,4,2,0,0,0,0,0,3,3,0,0,0,0,0,0,0,0,0,0,0,0,0,0,0,0,0,0,0,1,0,0,0,0,0,0,0,0,0,0,1,0,0,0,0,0,0,0,0,0,0,0,0,0,2929,86,2843,2762,2528,51,1,150,0,32,81,81,14,15,18,0,29,0,0,0,3,2,0,0,0,0,0,0,0,0,0,0,0,0,0,0,0,0,0,0,0,0,0,0,0,0,0,0,0,0,0,0,0,0,0,0,0,0,0,0,0,0,0,0,0,0,0,0,0,0,0,0,0,35152767.7688763,28244.8935467126
68,31,109,003301,31109003301,33.01,Census Tract 33.01,G5020,S,4587898,1477300,+40.8234416,-096.7323800,1400000US31109003301,31109003301,"Census Tract 33.01, Lancaster County, Nebraska",4237,3896,3197,249,36,214,5,195,341,323,51,55,30,4,158,9,3,0,6,0,0,7,0,0,0,17,6,0,0,3,0,0,4,3,1,0,0,0,0,0,0,0,0,0,0,0,1,0,0,0,0,0,0,1,0,0,0,0,0,0,0,0,0,0,0,0,0,0,0,0,0,4237,434,3803,3619,3103,243,24,214,5,30,184,174,43,50,28,4,42,4,3,0,0,0,0,0,0,0,0,9,6,0,0,0,0,0,0,3,0,0,0,0,0,0,0,0,0,0,0,0,1,0,0,0,0,0,0,1,0,0,0,0,0,0,0,0,0,0,0,0,0,0,0,0,0,65292104.9513765,35834.8602401658
69,31,109,003104,31109003104,31.04,Census Tract 31.04,G5020,S,3618032,0,+40.8399269,-096.7295352,1400000US31109003104,31109003104,"Census Tract 31.04, Lancaster County, Nebraska",6093,5259,3928,295,86,301,8,641,834,795,148,104,66,0,451,13,4,0,4,1,0,3,1,0,0,36,10,2,0,2,0,0,21,0,1,0,0,0,0,0,0,0,0,0,0,0,3,0,0,3,0,0,0,0,0,0,0,0,0,0,0,0,0,0,0,0,0,0,0,0,0,6093,1392,4701,4357,3696,282,52,294,6,27,344,331,127,87,66,0,33,10,4,0,2,1,0,0,1,0,0,13,9,2,0,1,0,0,1,0,0,0,0,0,0,0,0,0,0,0,0,0,0,0,0,0,0,0,0,0,0,0,0,0,0,0,0,0,0,0,0,0,0,0,0,0,0,38948343.4157487,28728.8816005989
70,31,109,003103,31109003103,31.03,Census Tract 31.03,G5020,S,2009110,0,+40.8459996,-096.7164350,1400000US31109003103,31109003103,"Census Tract 31.03, Lancaster County, Nebraska",2730,2361,1659,232,50,139,1,280,369,349,65,26,55,1,180,4,0,0,9,0,0,9,0,0,0,20,5,0,1,3,0,0,2,4,0,0,0,0,5,0,0,0,0,0,0,0,0,0,0,0,0,0,0,0,0,0,0,0,0,0,0,0,0,0,0,0,0,0,0,0,0,2730,608,2122,1969,1568,221,27,138,1,14,153,144,61,23,51,0,4,4,0,0,1,0,0,0,0,0,0,9,1,0,1,3,0,0,0,4,0,0,0,0,0,0,0,0,0,0,0,0,0,0,0,0,0,0,0,0,0,0,0,0,0,0,0,0,0,0,0,0,0,0,0,0,0,21628174.0326864,24702.1314923933
71,31,109,003607,31109003607,36.07,Census Tract 36.07,G5020,S,2187520,0,+40.7327308,-096.6917005,1400000US31109003607,31109003607,"Census Tract 36.07, Lancaster County, Nebraska",4585,4321,3685,142,11,396,3,84,264,246,55,26,61,4,93,0,2,0,0,0,0,4,0,1,0,17,7,0,0,5,1,1,1,0,0,0,2,0,0,0,0,0,0,0,0,0,1,0,0,0,0,0,0,0,0,0,1,0,0,0,0,0,0,0,0,0,0,0,0,0,0,4585,249,4336,4155,3604,140,7,388,3,13,181,170,55,22,56,4,30,0,2,0,0,0,0,1,0,0,0,11,7,0,0,0,1,1,0,0,0,0,2,0,0,0,0,0,0,0,0,0,0,0,0,0,0,0,0,0,0,0,0,0,0,0,0,0,0,0,0,0,0,0,0,0,0,23548740.4270885,19401.5180450733
72,31,109,003715,31109003715,37.15,Census Tract 37.15,G5020,S,2594575,0,+40.7335777,-096.6538898,1400000US31109003715,31109003715,"Census Tract 37.15, Lancaster County, Nebraska",2368,2256,2104,56,2,83,4,7,112,100,25,22,20,0,31,0,0,0,2,0,0,0,0,0,0,10,9,0,0,0,0,0,1,0,0,0,0,0,0,0,0,0,0,0,0,0,1,0,0,0,0,0,0,0,0,0,0,0,0,0,1,0,1,1,0,0,0,0,0,0,0,2368,56,2312,2226,2082,53,1,83,2,5,86,75,23,21,18,0,11,0,0,0,2,0,0,0,0,0,0,9,9,0,0,0,0,0,0,0,0,0,0,0,0,0,0,0,0,0,0,0,1,0,0,0,0,0,0,0,0,0,0,0,0,0,1,0,1,1,0,0,0,0,0,0,0,27930710.2646123,21145.0271816173
73,31,109,003609,31109003609,36.09,Census Tract 36.09,G5020,S,2988839,0,+40.7472233,-096.6922199,1400000US31109003609,31109003609,"Census Tract 36.09, Lancaster County, Nebraska",2529,2393,2227,32,2,116,0,16,136,126,22,18,17,1,62,0,0,0,0,0,0,2,3,0,1,9,3,2,0,0,0,0,0,1,3,0,0,0,0,0,0,0,0,0,0,0,1,0,0,1,0,0,0,0,0,0,0,0,0,0,0,0,0,0,0,0,0,0,0,0,0,2529,85,2444,2367,2210,31,0,115,0,11,77,70,18,12,14,1,22,0,0,0,0,0,0,0,3,0,0,6,3,2,0,0,0,0,0,1,0,0,0,0,0,0,0,0,0,0,0,0,1,0,0,1,0,0,0,0,0,0,0,0,0,0,0,0,0,0,0,0,0,0,0,0,0,32174969.4211835,22700.5384803515
74,31,109,001001,31109001001,10.01,Census Tract 10.01,G5020,S,1586768,0,+40.8316247,-096.6420678,1400000US31109001001,31109001001,"Census Tract 10.01, Lancaster County, Nebraska",3313,3021,2671,154,9,79,3,105,292,269,71,47,32,1,107,1,0,0,2,0,0,6,2,0,0,22,6,3,0,0,2,0,10,0,1,0,0,0,0,0,0,0,0,0,0,0,1,0,0,0,0,0,0,1,0,0,0,0,0,0,0,0,0,0,0,0,0,0,0,0,0,3313,269,3044,2848,2600,150,7,79,3,9,196,186,68,43,32,1,39,1,0,0,0,0,0,0,2,0,0,9,6,0,0,0,2,0,0,0,1,0,0,0,0,0,0,0,0,0,0,0,1,0,0,0,0,0,0,1,0,0,0,0,0,0,0,0,0,0,0,0,0,0,0,0,0,17081665.7019979,18203.4177976344
75,31,109,003718,31109003718,37.18,Census Tract 37.18,G5020,S,20809253,0,+40.7842335,-096.5869595,1400000US31109003718,31109003718,"Census Tract 37.18, Lancaster County, Nebraska",3142,3028,2844,26,9,136,0,13,114,106,4,21,31,7,37,0,2,0,3,0,0,0,0,1,0,5,1,2,0,1,0,0,1,0,0,0,0,0,0,0,0,0,0,0,0,0,3,0,0,3,0,0,0,0,0,0,0,0,0,0,0,0,0,0,0,0,0,0,0,0,0,3142,61,3081,2999,2830,25,9,135,0,0,82,77,4,21,26,7,15,0,2,0,1,0,0,0,0,1,0,3,1,2,0,0,0,0,0,0,0,0,0,0,0,0,0,0,0,0,0,0,2,0,0,2,0,0,0,0,0,0,0,0,0,0,0,0,0,0,0,0,0,0,0,0,0,224012907.564386,63668.6704505986
76,31,109,001101,31109001101,11.01,Census Tract 11.01,G5020,S,3270154,0,+40.8428481,-096.6168108,1400000US31109001101,31109001101,"Census Tract 11.01, Lancaster County, Nebraska",4674,4363,4062,102,22,94,6,77,311,296,86,56,27,4,116,3,0,0,2,0,0,0,2,0,0,15,2,8,0,1,0,0,0,3,1,0,0,0,0,0,0,0,0,0,0,0,0,0,0,0,0,0,0,0,0,0,0,0,0,0,0,0,0,0,0,0,0,0,0,0,0,4674,252,4422,4208,3980,100,16,94,6,12,214,200,77,51,27,4,36,3,0,0,0,0,0,0,2,0,0,14,2,8,0,0,0,0,0,3,1,0,0,0,0,0,0,0,0,0,0,0,0,0,0,0,0,0,0,0,0,0,0,0,0,0,0,0,0,0,0,0,0,0,0,0,0,35203405.8355664,25460.4222704781
77,31,109,010202,31109010202,102.02,Census Tract 102.02,G5020,S,431582718,10535595,+40.9363947,-096.8058596,1400000US31109010202,31109010202,"Census Tract 102.02, Lancaster County, Nebraska",4821,4637,4473,33,16,52,2,61,184,177,25,64,21,1,56,3,1,2,2,0,0,0,0,2,0,7,2,0,0,0,1,0,4,0,0,0,0,0,0,0,0,0,0,0,0,0,0,0,0,0,0,0,0,0,0,0,0,0,0,0,0,0,0,0,0,0,0,0,0,0,0,4821,128,4693,4563,4450,33,12,52,2,14,130,129,23,59,21,1,18,2,1,2,0,0,0,0,0,2,0,1,0,0,0,0,1,0,0,0,0,0,0,0,0,0,0,0,0,0,0,0,0,0,0,0,0,0,0,0,0,0,0,0,0,0,0,0,0,0,0,0,0,0,0,0,0,4759438879.61412,332682.720085617
78,31,109,003302,31109003302,33.02,Census Tract 33.02,G5020,S,12771663,196989,+40.8217314,-096.7806641,1400000US31109003302,31109003302,"Census Tract 33.02, Lancaster County, Nebraska",5056,4622,3691,408,83,148,4,288,434,410,100,70,39,5,177,3,3,0,11,0,0,2,0,0,0,22,4,1,0,2,1,0,8,2,3,0,0,0,1,0,0,0,0,0,0,0,2,0,0,2,0,0,0,0,0,0,0,0,0,0,0,0,0,0,0,0,0,0,0,0,0,5056,617,4439,4192,3561,393,63,147,4,24,247,239,91,69,39,5,24,3,3,0,5,0,0,0,0,0,0,8,4,1,0,0,1,0,0,2,0,0,0,0,0,0,0,0,0,0,0,0,0,0,0,0,0,0,0,0,0,0,0,0,0,0,0,0,0,0,0,0,0,0,0,0,0,139608308.102324,68268.9165076835
79,31,109,001003,31109001003,10.03,Census Tract 10.03,G5020,S,1440609,0,+40.8244662,-096.6431235,1400000US31109001003,31109001003,"Census Tract 10.03, Lancaster County, Nebraska",3590,3262,2720,127,56,183,5,171,328,317,79,61,22,10,140,1,0,0,2,0,0,2,0,0,0,11,8,0,0,1,2,0,0,0,0,0,0,0,0,0,0,0,0,0,0,0,0,0,0,0,0,0,0,0,0,0,0,0,0,0,0,0,0,0,0,0,0,0,0,0,0,3590,427,3163,2965,2612,124,24,183,3,19,198,188,69,47,22,10,36,1,0,0,1,0,0,2,0,0,0,10,8,0,0,0,2,0,0,0,0,0,0,0,0,0,0,0,0,0,0,0,0,0,0,0,0,0,0,0,0,0,0,0,0,0,0,0,0,0,0,0,0,0,0,0,0,15508200.9224693,17317.41315431
80,31,109,002002,31109002002,20.02,Census Tract 20.02,G5020,S,556137,0,+40.8042050,-096.7055686,1400000US31109002002,31109002002,"Census Tract 20.02, Lancaster County, Nebraska",2405,2160,1345,332,50,131,5,297,245,230,38,50,12,0,124,4,1,0,0,0,0,0,0,1,0,15,6,0,0,2,3,0,4,0,0,0,0,0,0,0,0,0,0,0,0,0,0,0,0,0,0,0,0,0,0,0,0,0,0,0,0,0,0,0,0,0,0,0,0,0,0,2405,510,1895,1770,1264,328,31,131,3,13,125,116,37,41,11,0,21,4,1,0,0,0,0,0,0,1,0,9,6,0,0,0,3,0,0,0,0,0,0,0,0,0,0,0,0,0,0,0,0,0,0,0,0,0,0,0,0,0,0,0,0,0,0,0,0,0,0,0,0,0,0,0,0,5986894.52514525,10574.344311889
81,31,109,003719,31109003719,37.19,Census Tract 37.19,G5020,S,20793118,13262,+40.7258938,-096.5873431,1400000US31109003719,31109003719,"Census Tract 37.19, Lancaster County, Nebraska",6135,5829,5386,126,9,255,2,51,306,283,42,53,45,0,138,0,2,0,2,0,0,0,1,0,0,23,0,3,0,8,3,0,6,3,0,0,0,0,0,0,0,0,0,0,0,0,0,0,0,0,0,0,0,0,0,0,0,0,0,0,0,0,0,0,0,0,0,0,0,0,0,6135,255,5880,5701,5307,122,7,254,2,9,179,173,40,43,45,0,42,0,2,0,0,0,0,0,1,0,0,6,0,3,0,0,0,0,0,3,0,0,0,0,0,0,0,0,0,0,0,0,0,0,0,0,0,0,0,0,0,0,0,0,0,0,0,0,0,0,0,0,0,0,0,0,0,223982034.865772,63638.0900777453
